[
    {
        "model": "profile_management.vendor",
        "pk": 1,
        "fields": {
            "name": "Stokes, Jenkins and Swanson",
            "contact_details": "PSC 3336, Box 2917\nAPO AE 20585",
            "address": "2668 Campbell Hills\nSouth Candice, NC 62410",
            "vendor_code": "VENDOR-001",
            "on_time_delivery_rate": 99.1,
            "quality_rating_avg": 3.5,
            "average_response_time": 18.2,
            "fulfillment_rate": 90.9
        }
    },
    {
        "model": "profile_management.vendor",
        "pk": 2,
        "fields": {
            "name": "Meyer, Reilly and Andrews",
            "contact_details": "34023 Lisa Crossroad\nFoxborough, NE 97992",
            "address": "67739 Andrew Points Apt. 533\nNew Jason, NY 77491",
            "vendor_code": "VENDOR-002",
            "on_time_delivery_rate": 92.2,
            "quality_rating_avg": 4.7,
            "average_response_time": 28.6,
            "fulfillment_rate": 86.8
        }
    },
    {
        "model": "profile_management.vendor",
        "pk": 3,
        "fields": {
            "name": "Lopez, Moreno and Oliver",
            "contact_details": "59676 Chavez Shoal\nNorth Ronniechester, NE 01361",
            "address": "1410 Gonzales Brooks\nPort Jennifer, IN 84347",
            "vendor_code": "VENDOR-003",
            "on_time_delivery_rate": 96.9,
            "quality_rating_avg": 3.3,
            "average_response_time": 27.6,
            "fulfillment_rate": 91.1
        }
    },
    {
        "model": "profile_management.vendor",
        "pk": 4,
        "fields": {
            "name": "Gonzalez LLC",
            "contact_details": "79549 Cardenas Stream\nLake Geraldland, OR 12045",
            "address": "00927 Bass Junction Apt. 615\nEast Lindafort, DC 43932",
            "vendor_code": "VENDOR-004",
            "on_time_delivery_rate": 92.4,
            "quality_rating_avg": 3.7,
            "average_response_time": 13.5,
            "fulfillment_rate": 95.3
        }
    },
    {
        "model": "profile_management.vendor",
        "pk": 5,
        "fields": {
            "name": "Gonzales LLC",
            "contact_details": "854 Hines Place\nLake John, MO 99405",
            "address": "453 Timothy Lock\nNew Charlesland, NM 25894",
            "vendor_code": "VENDOR-005",
            "on_time_delivery_rate": 93.8,
            "quality_rating_avg": 4.4,
            "average_response_time": 27.9,
            "fulfillment_rate": 95.6
        }
    },
    {
        "model": "profile_management.vendor",
        "pk": 6,
        "fields": {
            "name": "Dickerson and Sons",
            "contact_details": "318 Allison Mountains\nWest Rickyside, VT 34016",
            "address": "Unit 2369 Box 9499\nDPO AA 05221",
            "vendor_code": "VENDOR-006",
            "on_time_delivery_rate": 93.2,
            "quality_rating_avg": 3.1,
            "average_response_time": 18.5,
            "fulfillment_rate": 89.2
        }
    },
    {
        "model": "profile_management.vendor",
        "pk": 7,
        "fields": {
            "name": "Mays-Vega",
            "contact_details": "3138 Anderson Fields Suite 627\nTimothyton, WV 93439",
            "address": "0471 Bradley Springs\nSteelemouth, OK 74114",
            "vendor_code": "VENDOR-007",
            "on_time_delivery_rate": 90.3,
            "quality_rating_avg": 4.9,
            "average_response_time": 14.4,
            "fulfillment_rate": 93.6
        }
    },
    {
        "model": "profile_management.vendor",
        "pk": 8,
        "fields": {
            "name": "Walters-Vargas",
            "contact_details": "636 Mitchell Spurs Suite 524\nChambersmouth, NJ 97865",
            "address": "045 Austin Way Suite 530\nNorth Christopherville, MO 94852",
            "vendor_code": "VENDOR-008",
            "on_time_delivery_rate": 92.2,
            "quality_rating_avg": 4.9,
            "average_response_time": 11.9,
            "fulfillment_rate": 88.6
        }
    },
    {
        "model": "profile_management.vendor",
        "pk": 9,
        "fields": {
            "name": "Johnson, Hudson and Johnson",
            "contact_details": "215 Graves Flat Suite 834\nGeorgeborough, AL 20104",
            "address": "3334 Smith Cliff Apt. 839\nWest Donaldchester, SC 28349",
            "vendor_code": "VENDOR-009",
            "on_time_delivery_rate": 95.5,
            "quality_rating_avg": 4.2,
            "average_response_time": 27.6,
            "fulfillment_rate": 87.4
        }
    },
    {
        "model": "profile_management.vendor",
        "pk": 10,
        "fields": {
            "name": "Morgan, Pitts and Shields",
            "contact_details": "7669 Justin Mountain\nWoodshire, CO 65604",
            "address": "2345 Richard Ridge Suite 195\nEast Joyce, FL 33272",
            "vendor_code": "VENDOR-010",
            "on_time_delivery_rate": 96.2,
            "quality_rating_avg": 3.2,
            "average_response_time": 27.2,
            "fulfillment_rate": 96.1
        }
    },
    {
        "model": "performance_evaluation.vendorperformancerecord",
        "pk": 1,
        "fields": {
            "vendor": 1,
            "date": "2024-05-05T22:09:34Z",
            "on_time_delivery_rate": 92.4,
            "quality_rating_avg": 4.8,
            "average_response_time": 11.8,
            "fulfillment_rate": 76.5
        }
    },
    {
        "model": "performance_evaluation.vendorperformancerecord",
        "pk": 2,
        "fields": {
            "vendor": 2,
            "date": "2024-04-15T22:09:34Z",
            "on_time_delivery_rate": 93.1,
            "quality_rating_avg": 4.6,
            "average_response_time": 19.5,
            "fulfillment_rate": 71.1
        }
    },
    {
        "model": "performance_evaluation.vendorperformancerecord",
        "pk": 3,
        "fields": {
            "vendor": 3,
            "date": "2024-03-26T22:09:34Z",
            "on_time_delivery_rate": 80.5,
            "quality_rating_avg": 4.9,
            "average_response_time": 6.9,
            "fulfillment_rate": 83.3
        }
    },
    {
        "model": "performance_evaluation.vendorperformancerecord",
        "pk": 4,
        "fields": {
            "vendor": 4,
            "date": "2024-03-06T22:09:34Z",
            "on_time_delivery_rate": 94.0,
            "quality_rating_avg": 4.4,
            "average_response_time": 10.8,
            "fulfillment_rate": 71.2
        }
    },
    {
        "model": "performance_evaluation.vendorperformancerecord",
        "pk": 5,
        "fields": {
            "vendor": 5,
            "date": "2024-02-15T22:09:34Z",
            "on_time_delivery_rate": 85.2,
            "quality_rating_avg": 4.8,
            "average_response_time": 18.9,
            "fulfillment_rate": 75.6
        }
    },
    {
        "model": "performance_evaluation.vendorperformancerecord",
        "pk": 6,
        "fields": {
            "vendor": 6,
            "date": "2024-01-26T22:09:34Z",
            "on_time_delivery_rate": 88.1,
            "quality_rating_avg": 4.4,
            "average_response_time": 16.3,
            "fulfillment_rate": 72.2
        }
    },
    {
        "model": "performance_evaluation.vendorperformancerecord",
        "pk": 7,
        "fields": {
            "vendor": 7,
            "date": "2024-01-06T22:09:34Z",
            "on_time_delivery_rate": 97.5,
            "quality_rating_avg": 3.4,
            "average_response_time": 16.0,
            "fulfillment_rate": 93.8
        }
    },
    {
        "model": "performance_evaluation.vendorperformancerecord",
        "pk": 8,
        "fields": {
            "vendor": 8,
            "date": "2023-12-17T22:09:34Z",
            "on_time_delivery_rate": 88.8,
            "quality_rating_avg": 4.4,
            "average_response_time": 5.5,
            "fulfillment_rate": 90.6
        }
    },
    {
        "model": "performance_evaluation.vendorperformancerecord",
        "pk": 9,
        "fields": {
            "vendor": 9,
            "date": "2023-11-27T22:09:34Z",
            "on_time_delivery_rate": 83.6,
            "quality_rating_avg": 4.6,
            "average_response_time": 15.1,
            "fulfillment_rate": 89.6
        }
    },
    {
        "model": "performance_evaluation.vendorperformancerecord",
        "pk": 10,
        "fields": {
            "vendor": 10,
            "date": "2023-11-07T22:09:34Z",
            "on_time_delivery_rate": 83.9,
            "quality_rating_avg": 4.7,
            "average_response_time": 7.8,
            "fulfillment_rate": 92.2
        }
    },
    {
        "model": "performance_evaluation.vendorperformancerecord",
        "pk": 11,
        "fields": {
            "vendor": 1,
            "date": "2023-10-18T22:09:34Z",
            "on_time_delivery_rate": 96.3,
            "quality_rating_avg": 3.4,
            "average_response_time": 13.9,
            "fulfillment_rate": 88.2
        }
    },
    {
        "model": "performance_evaluation.vendorperformancerecord",
        "pk": 12,
        "fields": {
            "vendor": 2,
            "date": "2023-09-28T22:09:34Z",
            "on_time_delivery_rate": 95.1,
            "quality_rating_avg": 3.6,
            "average_response_time": 10.9,
            "fulfillment_rate": 96.2
        }
    },
    {
        "model": "performance_evaluation.vendorperformancerecord",
        "pk": 13,
        "fields": {
            "vendor": 3,
            "date": "2023-09-08T22:09:34Z",
            "on_time_delivery_rate": 98.1,
            "quality_rating_avg": 3.7,
            "average_response_time": 13.1,
            "fulfillment_rate": 87.2
        }
    },
    {
        "model": "performance_evaluation.vendorperformancerecord",
        "pk": 14,
        "fields": {
            "vendor": 4,
            "date": "2023-08-19T22:09:34Z",
            "on_time_delivery_rate": 84.3,
            "quality_rating_avg": 4.2,
            "average_response_time": 5.5,
            "fulfillment_rate": 91.2
        }
    },
    {
        "model": "performance_evaluation.vendorperformancerecord",
        "pk": 15,
        "fields": {
            "vendor": 5,
            "date": "2023-07-30T22:09:34Z",
            "on_time_delivery_rate": 88.1,
            "quality_rating_avg": 4.6,
            "average_response_time": 7.8,
            "fulfillment_rate": 77.2
        }
    },
    {
        "model": "performance_evaluation.vendorperformancerecord",
        "pk": 16,
        "fields": {
            "vendor": 6,
            "date": "2023-07-10T22:09:34Z",
            "on_time_delivery_rate": 91.3,
            "quality_rating_avg": 4.7,
            "average_response_time": 5.8,
            "fulfillment_rate": 94.2
        }
    },
    {
        "model": "performance_evaluation.vendorperformancerecord",
        "pk": 17,
        "fields": {
            "vendor": 7,
            "date": "2023-06-20T22:09:34Z",
            "on_time_delivery_rate": 86.8,
            "quality_rating_avg": 3.9,
            "average_response_time": 18.9,
            "fulfillment_rate": 87.7
        }
    },
    {
        "model": "performance_evaluation.vendorperformancerecord",
        "pk": 18,
        "fields": {
            "vendor": 8,
            "date": "2023-05-31T22:09:34Z",
            "on_time_delivery_rate": 94.9,
            "quality_rating_avg": 4.3,
            "average_response_time": 14.3,
            "fulfillment_rate": 88.2
        }
    },
    {
        "model": "performance_evaluation.vendorperformancerecord",
        "pk": 19,
        "fields": {
            "vendor": 9,
            "date": "2023-05-11T22:09:34Z",
            "on_time_delivery_rate": 97.9,
            "quality_rating_avg": 4.5,
            "average_response_time": 15.3,
            "fulfillment_rate": 95.5
        }
    },
    {
        "model": "performance_evaluation.vendorperformancerecord",
        "pk": 20,
        "fields": {
            "vendor": 10,
            "date": "2023-04-21T22:09:34Z",
            "on_time_delivery_rate": 97.8,
            "quality_rating_avg": 4.1,
            "average_response_time": 10.6,
            "fulfillment_rate": 81.5
        }
    },
    {
        "model": "performance_evaluation.vendorperformancerecord",
        "pk": 21,
        "fields": {
            "vendor": 1,
            "date": "2023-04-01T22:09:34Z",
            "on_time_delivery_rate": 92.9,
            "quality_rating_avg": 4.9,
            "average_response_time": 9.8,
            "fulfillment_rate": 76.2
        }
    },
    {
        "model": "performance_evaluation.vendorperformancerecord",
        "pk": 22,
        "fields": {
            "vendor": 2,
            "date": "2023-03-12T22:09:34Z",
            "on_time_delivery_rate": 82.1,
            "quality_rating_avg": 3.2,
            "average_response_time": 16.5,
            "fulfillment_rate": 95.7
        }
    },
    {
        "model": "performance_evaluation.vendorperformancerecord",
        "pk": 23,
        "fields": {
            "vendor": 3,
            "date": "2023-02-20T22:09:34Z",
            "on_time_delivery_rate": 96.0,
            "quality_rating_avg": 4.9,
            "average_response_time": 7.7,
            "fulfillment_rate": 83.8
        }
    },
    {
        "model": "performance_evaluation.vendorperformancerecord",
        "pk": 24,
        "fields": {
            "vendor": 4,
            "date": "2023-01-31T22:09:34Z",
            "on_time_delivery_rate": 94.8,
            "quality_rating_avg": 4.4,
            "average_response_time": 10.9,
            "fulfillment_rate": 80.0
        }
    },
    {
        "model": "performance_evaluation.vendorperformancerecord",
        "pk": 25,
        "fields": {
            "vendor": 5,
            "date": "2023-01-11T22:09:34Z",
            "on_time_delivery_rate": 84.1,
            "quality_rating_avg": 4.9,
            "average_response_time": 16.1,
            "fulfillment_rate": 77.4
        }
    },
    {
        "model": "purchase_order_tracking.purchaseorder",
        "pk": 1,
        "fields": {
            "po_number": "PO-10001",
            "vendor": 1,
            "order_date": "2024-04-30T22:09:34Z",
            "delivery_date": "2024-05-05T22:09:34Z",
            "items": [
                {
                    "item_name": "Widget",
                    "quantity": 4,
                    "unit_price": 30.1
                },
                {
                    "item_name": "Gadget",
                    "quantity": 29,
                    "unit_price": 57.7
                }
            ],
            "quantity": 45,
            "status": "CANCELLED",
            "quality_rating": 3.4,
            "issue_date": "2024-04-25T22:09:34Z",
            "acknowledgment_date": "2024-04-23T22:09:34Z"
        }
    },
    {
        "model": "purchase_order_tracking.purchaseorder",
        "pk": 2,
        "fields": {
            "po_number": "PO-10002",
            "vendor": 2,
            "order_date": "2024-04-05T22:09:34Z",
            "delivery_date": "2024-04-15T22:09:34Z",
            "items": [
                {
                    "item_name": "Widget",
                    "quantity": 8,
                    "unit_price": 12.3
                },
                {
                    "item_name": "Gadget",
                    "quantity": 12,
                    "unit_price": 33.0
                }
            ],
            "quantity": 79,
            "status": "PENDING",
            "quality_rating": 4.9,
            "issue_date": "2024-03-26T22:09:34Z",
            "acknowledgment_date": "2024-03-29T22:09:34Z"
        }
    },
    {
        "model": "purchase_order_tracking.purchaseorder",
        "pk": 3,
        "fields": {
            "po_number": "PO-10003",
            "vendor": 3,
            "order_date": "2024-03-11T22:09:34Z",
            "delivery_date": "2024-03-26T22:09:34Z",
            "items": [
                {
                    "item_name": "Widget",
                    "quantity": 9,
                    "unit_price": 49.2
                },
                {
                    "item_name": "Gadget",
                    "quantity": 15,
                    "unit_price": 54.0
                }
            ],
            "quantity": 98,
            "status": "COMPLETED",
            "quality_rating": 4.5,
            "issue_date": "2024-02-25T22:09:34Z",
            "acknowledgment_date": "2024-03-04T22:09:34Z"
        }
    },
    {
        "model": "purchase_order_tracking.purchaseorder",
        "pk": 4,
        "fields": {
            "po_number": "PO-10004",
            "vendor": 4,
            "order_date": "2024-02-15T22:09:34Z",
            "delivery_date": "2024-03-06T22:09:34Z",
            "items": [
                {
                    "item_name": "Widget",
                    "quantity": 19,
                    "unit_price": 15.4
                },
                {
                    "item_name": "Gadget",
                    "quantity": 30,
                    "unit_price": 29.2
                }
            ],
            "quantity": 54,
            "status": "COMPLETED",
            "quality_rating": 3.4,
            "issue_date": "2024-01-26T22:09:34Z",
            "acknowledgment_date": "2024-02-08T22:09:34Z"
        }
    },
    {
        "model": "purchase_order_tracking.purchaseorder",
        "pk": 5,
        "fields": {
            "po_number": "PO-10005",
            "vendor": 5,
            "order_date": "2024-01-21T22:09:34Z",
            "delivery_date": "2024-02-15T22:09:34Z",
            "items": [
                {
                    "item_name": "Widget",
                    "quantity": 17,
                    "unit_price": 45.3
                },
                {
                    "item_name": "Gadget",
                    "quantity": 3,
                    "unit_price": 39.7
                }
            ],
            "quantity": 17,
            "status": "CANCELLED",
            "quality_rating": 3.8,
            "issue_date": "2023-12-27T22:09:34Z",
            "acknowledgment_date": "2024-01-14T22:09:34Z"
        }
    },
    {
        "model": "purchase_order_tracking.purchaseorder",
        "pk": 6,
        "fields": {
            "po_number": "PO-10006",
            "vendor": 6,
            "order_date": "2023-12-27T22:09:34Z",
            "delivery_date": "2024-01-26T22:09:34Z",
            "items": [
                {
                    "item_name": "Widget",
                    "quantity": 2,
                    "unit_price": 39.3
                },
                {
                    "item_name": "Gadget",
                    "quantity": 12,
                    "unit_price": 28.2
                }
            ],
            "quantity": 82,
            "status": "PENDING",
            "quality_rating": 3.1,
            "issue_date": "2023-11-27T22:09:34Z",
            "acknowledgment_date": "2023-12-20T22:09:34Z"
        }
    },
    {
        "model": "purchase_order_tracking.purchaseorder",
        "pk": 7,
        "fields": {
            "po_number": "PO-10007",
            "vendor": 7,
            "order_date": "2023-12-02T22:09:34Z",
            "delivery_date": "2024-01-06T22:09:34Z",
            "items": [
                {
                    "item_name": "Widget",
                    "quantity": 19,
                    "unit_price": 32.1
                },
                {
                    "item_name": "Gadget",
                    "quantity": 10,
                    "unit_price": 33.7
                }
            ],
            "quantity": 62,
            "status": "CANCELLED",
            "quality_rating": 3.3,
            "issue_date": "2023-10-28T22:09:34Z",
            "acknowledgment_date": "2023-11-25T22:09:34Z"
        }
    },
    {
        "model": "purchase_order_tracking.purchaseorder",
        "pk": 8,
        "fields": {
            "po_number": "PO-10008",
            "vendor": 8,
            "order_date": "2023-11-07T22:09:34Z",
            "delivery_date": "2023-12-17T22:09:34Z",
            "items": [
                {
                    "item_name": "Widget",
                    "quantity": 16,
                    "unit_price": 33.4
                },
                {
                    "item_name": "Gadget",
                    "quantity": 9,
                    "unit_price": 22.9
                }
            ],
            "quantity": 31,
            "status": "PENDING",
            "quality_rating": 4.7,
            "issue_date": "2023-09-28T22:09:34Z",
            "acknowledgment_date": "2023-10-31T22:09:34Z"
        }
    },
    {
        "model": "purchase_order_tracking.purchaseorder",
        "pk": 9,
        "fields": {
            "po_number": "PO-10009",
            "vendor": 9,
            "order_date": "2023-10-13T22:09:34Z",
            "delivery_date": "2023-11-27T22:09:34Z",
            "items": [
                {
                    "item_name": "Widget",
                    "quantity": 11,
                    "unit_price": 10.7
                },
                {
                    "item_name": "Gadget",
                    "quantity": 9,
                    "unit_price": 52.7
                }
            ],
            "quantity": 62,
            "status": "COMPLETED",
            "quality_rating": 4.4,
            "issue_date": "2023-08-29T22:09:34Z",
            "acknowledgment_date": "2023-10-06T22:09:34Z"
        }
    },
    {
        "model": "purchase_order_tracking.purchaseorder",
        "pk": 10,
        "fields": {
            "po_number": "PO-10010",
            "vendor": 10,
            "order_date": "2023-09-18T22:09:34Z",
            "delivery_date": "2023-11-07T22:09:34Z",
            "items": [
                {
                    "item_name": "Widget",
                    "quantity": 17,
                    "unit_price": 25.5
                },
                {
                    "item_name": "Gadget",
                    "quantity": 30,
                    "unit_price": 42.6
                }
            ],
            "quantity": 36,
            "status": "CANCELLED",
            "quality_rating": 3.9,
            "issue_date": "2023-07-30T22:09:34Z",
            "acknowledgment_date": "2023-09-11T22:09:34Z"
        }
    },
    {
        "model": "purchase_order_tracking.purchaseorder",
        "pk": 11,
        "fields": {
            "po_number": "PO-10011",
            "vendor": 1,
            "order_date": "2023-08-24T22:09:34Z",
            "delivery_date": "2023-10-18T22:09:34Z",
            "items": [
                {
                    "item_name": "Widget",
                    "quantity": 12,
                    "unit_price": 19.8
                },
                {
                    "item_name": "Gadget",
                    "quantity": 28,
                    "unit_price": 53.8
                }
            ],
            "quantity": 78,
            "status": "COMPLETED",
            "quality_rating": 3.1,
            "issue_date": "2023-06-30T22:09:34Z",
            "acknowledgment_date": "2023-08-17T22:09:34Z"
        }
    },
    {
        "model": "purchase_order_tracking.purchaseorder",
        "pk": 12,
        "fields": {
            "po_number": "PO-10012",
            "vendor": 2,
            "order_date": "2023-07-30T22:09:34Z",
            "delivery_date": "2023-09-28T22:09:34Z",
            "items": [
                {
                    "item_name": "Widget",
                    "quantity": 13,
                    "unit_price": 26.0
                },
                {
                    "item_name": "Gadget",
                    "quantity": 13,
                    "unit_price": 59.6
                }
            ],
            "quantity": 22,
            "status": "COMPLETED",
            "quality_rating": 3.9,
            "issue_date": "2023-05-31T22:09:34Z",
            "acknowledgment_date": "2023-07-23T22:09:34Z"
        }
    },
    {
        "model": "purchase_order_tracking.purchaseorder",
        "pk": 13,
        "fields": {
            "po_number": "PO-10013",
            "vendor": 3,
            "order_date": "2023-07-05T22:09:34Z",
            "delivery_date": "2023-09-08T22:09:34Z",
            "items": [
                {
                    "item_name": "Widget",
                    "quantity": 1,
                    "unit_price": 33.2
                },
                {
                    "item_name": "Gadget",
                    "quantity": 6,
                    "unit_price": 33.5
                }
            ],
            "quantity": 60,
            "status": "PENDING",
            "quality_rating": 4.8,
            "issue_date": "2023-05-01T22:09:34Z",
            "acknowledgment_date": "2023-06-28T22:09:34Z"
        }
    },
    {
        "model": "purchase_order_tracking.purchaseorder",
        "pk": 14,
        "fields": {
            "po_number": "PO-10014",
            "vendor": 4,
            "order_date": "2023-06-10T22:09:34Z",
            "delivery_date": "2023-08-19T22:09:34Z",
            "items": [
                {
                    "item_name": "Widget",
                    "quantity": 18,
                    "unit_price": 11.3
                },
                {
                    "item_name": "Gadget",
                    "quantity": 8,
                    "unit_price": 39.4
                }
            ],
            "quantity": 39,
            "status": "COMPLETED",
            "quality_rating": 4.8,
            "issue_date": "2023-04-01T22:09:34Z",
            "acknowledgment_date": "2023-06-03T22:09:34Z"
        }
    },
    {
        "model": "purchase_order_tracking.purchaseorder",
        "pk": 15,
        "fields": {
            "po_number": "PO-10015",
            "vendor": 5,
            "order_date": "2023-05-16T22:09:34Z",
            "delivery_date": "2023-07-30T22:09:34Z",
            "items": [
                {
                    "item_name": "Widget",
                    "quantity": 4,
                    "unit_price": 20.6
                },
                {
                    "item_name": "Gadget",
                    "quantity": 25,
                    "unit_price": 39.6
                }
            ],
            "quantity": 65,
            "status": "CANCELLED",
            "quality_rating": 4.5,
            "issue_date": "2023-03-02T22:09:34Z",
            "acknowledgment_date": "2023-05-09T22:09:34Z"
        }
    }
]